INSERT INTO ESTADO (UF,NOME,ID) VALUES ('AC','Acre',313),
('AL','Alagoas',314),
('AP','Amapá',315),
('AM','Amazonas',316),
('BA','Bahia',317),
('CE','Ceará',318),
('ES','Espírito Santo',319),
('GO','Goiás',320),
('MA','Maranhão',321),
('MT','Mato Grosso',322),
('MS','Mato Grosso do Sul',323),
('MG','Minas Gerais',324),
('PA','Pará',325),
('PB','Paraíba',326),
('PR','Paraná',327),
('PE','Pernambuco',328),
('PI','Piauí',329),
('RJ','Rio de Janeiro',330),
('RN','Rio Grande do Norte',331),
('RS','Rio Grande do Sul',332),
('RO','Rondônia',333),
('RR','Roraima',334),
('SC','Santa Catarina',335),
('SP','São Paulo',336),
('SE','Sergipe',337),
('TO','Tocantins',338),
('DF','Distrito Federal',339);

INSERT INTO CEP ( id , estado_id , inicial , final ) values
(1,336,1000,19999),
(2,330,20000,28999),
(3,319,29000,29999),
(4,324,30000,39999),
(5,317,40000,48999),
(6,337,49000,49999),
(7,328,50000,56999),
(8,314,57000,57999),
(9,326,58000,58999),
(10,331,59000,59999),
(11,318,60000,63999),
(12,329,64000,64999),
(13,321,65000,65999),
(14,325,66000,68899),
(15,315,68900,68999),
(16,316,69400,69899),
(17,333,69300,69389),
(18,313,69900,69999),
(19,339,70000,73699),
(20,320,72800,76799),
(21,338,77000,77995),
(22,322,78000,78899),
(23,333,78900,78999),
(24,323,79000,79999),
(25,327,80000,87999),
(26,335,88000,89999),
(27,332,90000,99999);

INSERT INTO faixa_preco (id, uf_origem, uf_destino,preco) VALUES
(1, 313, 313, 6.68),
(2, 313, 314, 22.66),
(3, 313, 315, 19.04),
(4, 313, 316, 13.63),
(5, 313, 317, 22.66),
(6, 313, 318, 22.66),
(7, 313, 319, 22.66),
(8, 313, 320, 19.04),
(9, 313, 321, 19.04),
(10, 313, 322, 15.94),
(11, 313, 323, 13.63),
(12, 313, 324, 19.04),
(13, 313, 325, 19.04),
(14, 313, 326, 22.66),
(15, 313, 327, 19.04),
(16, 313, 328, 22.66),
(17, 313, 329, 19.04),
(18, 313, 330, 22.66),
(19, 313, 331, 22.66),
(20, 313, 332, 19.04),
(21, 313, 333, 11.13),
(22, 313, 334, 15.94),
(23, 313, 335, 19.04),
(24, 313, 336, 19.04),
(25, 313, 337, 22.66),
(26, 313, 338, 19.04),
(27, 313, 339, 19.04),
(28, 314, 313, 22.66),
(29, 314, 314, 6.68),
(30, 314, 315, 19.04);
